ID,first_name,last_name,age
1,Matthew,Williams,65
2,Richard,Sullivan,56
3,Mario,Heath,22
4,Anna,Martinez,26
5,Pamela,Perez,55
6,Kristin,White,31
7,Kaitlin,Mcdonald,80
8,Kayla,Perry,36
9,Megan,Green,68
10,Mason,Fisher,25
11,Matthew,Miller,78
12,Tammy,Stout,41
13,Kimberly,Collins,62
14,Rachel,Estrada,46
15,Linda,Miles,22
16,Erin,Oliver,20
17,Timothy,Smith,46
18,Christine,Martin,56
19,Raven,Dalton,76
20,Erin,Edwards,59
21,Karen,Sherman,37
22,Sarah,Randall,80
23,Karen,King,74
24,Timothy,Sanchez,63
25,David,Espinoza,22
26,Michelle,Franklin,25
27,Jose,Williams,52
28,Peter,Thompson,61
29,Melvin,Bowers,22
30,Eric,Davis,27
31,Mary,Colon,31
32,William,Schultz,26
33,Donald,Hall,61
34,Sean,Mueller,41
35,William,Cook,72
36,Austin,Giles,42
37,Danny,Foley,73
38,Melissa,Willis,55
39,Linda,Simmons,48
40,Angela,Murray,73
41,Tyrone,Smith,60
42,Amy,Parker,27
43,Meagan,Crosby,70
44,Hannah,Rodriguez,43
45,Becky,Cohen,48
46,Jacob,Bryant,57
47,Nicole,Galvan,75
48,Margaret,Camacho,49
49,Isaiah,Ritter,50
50,Sean,Diaz,62
